name	class0	class1	class2	class3	class4	class5	class6
bvl:BF3285c1_1877 alcohol dehydrogenase	0.9999025	1.3956101e-06	7.4014754e-09	4.830699e-07	1.9494851e-07	3.5697896e-11	9.532249e-05
cdk:105091729 NNMT; nicotinamide N-methyltransferase	6.976383e-09	0.99999976	8.9982194e-08	6.3841493e-12	7.282481e-11	7.284519e-12	6.8463336e-08
bacu:103011388 CES5A; carboxylesterase 5A	1.6010065e-12	3.80008e-08	0.99999464	8.0141953e-13	1.8901123e-13	2.7992718e-13	5.3770177e-06
egu:105038446 pyruvate decarboxylase 1	2.8718872e-12	2.2103094e-08	6.0478324e-11	1.0	4.324749e-14	1.2239801e-12	6.532085e-11
cpro:CPRO_12240 alr_1; alanine racemase	1.2178114e-12	1.2326349e-11	2.2589701e-11	4.9042432e-12	0.9999999	8.754568e-13	6.586919e-08
php:PhaeoP97_01130 tyrS; tyrosyl-tRNA synthetase TyrS	1.7115782e-20	2.809693e-19	5.2039958e-20	1.8283569e-20	5.440556e-24	1.0	1.1313732e-15
nega_No19956 consecutive_substitution	0.0	4.236871e-37	0.0	0.0	0.0	0.0	1.0
