name	class0	class1	class2	class3	class4	class5	class6	class7	class8	class9	class10	class11	class12	class13	class14	class15	class16	class17	class18	class19	class20	class21	class22	class23	class24	class25	class26	class27	class28	class29	class30	class31	class32	class33	class34	class35	class36	class37	class38	class39	class40	class41	class42	class43	class44	class45	class46	class47	class48	class49	class50	class51	class52	class53	class54	class55	class56	class57	class58	class59	class60	class61	class62	class63	class64	class65	class66	class67	class68	class69	class70	class71	class72	class73	class74	class75	class76	class77	class78	class79	class80	class81	class82	class83	class84	class85	class86	class87	class88	class89	class90	class91	class92	class93	class94	class95
php:PhaeoP97_01130 tyrS; tyrosyl-tRNA synthetase TyrS	1.0	3.9141975e-12	3.2850734e-36	1.5454288e-25	6.432236e-19	7.746388e-21	1.302822e-25	1.5249214e-09	1.4403186e-15	7.0335886e-26	2.2421458e-09	9.581059e-12	1.9032783e-37	3.757135e-25	6.406197e-22	2.5823732e-20	7.0133785e-21	3.101573e-28	5.1262807e-15	2.2088522e-11	2.1626846e-16	1.7768843e-19	1.4627431e-12	0.0	3.5331712e-22	1.5636089e-19	8.985924e-38	4.469493e-25	1.03785775e-23	3.897931e-17	3.329466e-23	9.38184e-25	4.246318e-23	1.24884554e-26	9.978592e-22	3.0515399e-30	1.3906161e-10	0.0	3.7900227e-20	5.0927645e-34	9.8946954e-17	3.2342344e-18	2.1959036e-24	1.8586108e-11	2.5235096e-13	0.0	1.3247052e-28	8.255669e-24	4.9520165e-14	4.789768e-16	1.126812e-30	5.452357e-24	1.6145217e-29	0.0	1.9567496e-13	4.0605485e-29	8.6167884e-24	1.1962423e-20	4.2934604e-21	2.523564e-27	6.8582034e-30	6.9974436e-23	3.615411e-23	1.0872026e-20	5.0665073e-27	6.275685e-20	6.408626e-19	3.9420378e-20	1.6992582e-18	1.437502e-16	4.892649e-12	2.061138e-09	3.7052542e-18	1.6264742e-25	4.128721e-32	3.1707876e-23	5.5096887e-31	3.072777e-22	6.657176e-10	3.739284e-21	2.7503934e-33	2.1709954e-09	1.2649908e-31	3.4732874e-12	1.5199489e-18	5.2952264e-29	6.187936e-22	5.916655e-37	1.1205651e-25	6.245399e-36	5.1308796e-22	4.455755e-25	3.2713227e-18	2.8177122e-18	9.39842e-26	2.4532467e-28
